emp_id,name,dept_id,designation,experience_years,salary_lakhs,gender,joining_date,performance_rating,certifications,attrition,work_mode,overtime
EMP0001,Employee_1,DEPT07,Senior Manager,1,21.7,Male,2022-03-04,3,4,No,Hybrid,Yes
EMP0002,Employee_2,DEPT13,Junior Analyst,12,19.6,Female,2016-04-01,5,0,No,Hybrid,No
EMP0003,Employee_3,DEPT11,Team Lead,10,4.2,Male,2015-04-13,3,2,No,Hybrid,No
EMP0004,Employee_4,DEPT09,Analyst,12,22.1,Female,2018-01-31,3,0,No,Hybrid,No
EMP0005,Employee_5,DEPT03,Team Lead,7,11.1,Female,2017-09-30,2,3,No,Remote,No
EMP0006,Employee_6,DEPT09,Analyst,3,12.0,Male,2017-07-03,5,0,No,Hybrid,No
EMP0007,Employee_7,DEPT12,Senior Manager,8,5.8,Female,2016-07-25,1,3,Yes,Hybrid,Yes
EMP0008,Employee_8,DEPT17,Senior Manager,4,19.4,Male,2016-02-24,4,1,No,Hybrid,No
EMP0009,Employee_9,DEPT13,Senior Manager,12,7.4,Female,2022-08-03,4,1,No,Hybrid,No
EMP0010,Employee_10,DEPT18,Analyst,8,15.6,Male,2021-02-11,3,5,No,Onsite,No
EMP0011,Employee_11,DEPT11,Team Lead,3,21.6,Female,2015-12-23,4,5,No,Hybrid,No
EMP0012,Employee_12,DEPT01,Senior Manager,9,5.4,Male,2021-08-15,2,4,No,Onsite,Yes
EMP0013,Employee_13,DEPT04,Manager,4,15.0,Female,2019-09-25,3,2,No,Remote,Yes
EMP0014,Employee_14,DEPT09,Analyst,8,8.5,Female,2015-05-11,4,4,No,Remote,No
EMP0015,Employee_15,DEPT06,Analyst,7,10.9,Male,2015-05-03,5,3,No,Hybrid,No
EMP0016,Employee_16,DEPT19,Team Lead,15,13.7,Female,2016-01-19,4,4,No,Hybrid,Yes
EMP0017,Employee_17,DEPT09,Analyst,2,11.1,Male,2017-06-14,3,0,No,Hybrid,No
EMP0018,Employee_18,DEPT02,Analyst,0,17.4,Male,2017-08-10,3,3,No,Hybrid,No
EMP0019,Employee_19,DEPT04,Senior Manager,2,13.8,Male,2020-08-31,2,5,Yes,Remote,No
EMP0020,Employee_20,DEPT20,Team Lead,15,16.1,Male,2021-10-01,2,1,No,Hybrid,No
EMP0021,Employee_21,DEPT14,Senior Manager,3,19.3,Male,2015-04-19,3,5,No,Remote,Yes
EMP0022,Employee_22,DEPT12,Senior Manager,1,15.5,Female,2021-04-17,3,2,No,Remote,Yes
EMP0023,Employee_23,DEPT11,Team Lead,0,16.1,Male,2017-03-25,3,3,No,Onsite,No
EMP0024,Employee_24,DEPT14,Junior Analyst,6,15.6,Female,2023-01-11,3,3,No,Hybrid,No
EMP0025,Employee_25,DEPT20,Senior Manager,15,11.6,Male,2022-04-15,3,0,No,Hybrid,No
EMP0026,Employee_26,DEPT17,Manager,7,10.8,Female,2022-11-12,3,2,No,Remote,No
EMP0027,Employee_27,DEPT04,Manager,6,22.8,Female,2021-02-10,4,1,No,Onsite,No
EMP0028,Employee_28,DEPT13,Analyst,13,16.6,Male,2019-09-15,3,3,Yes,Hybrid,No
EMP0029,Employee_29,DEPT19,Manager,15,8.8,Female,2017-06-21,5,3,No,Onsite,No
EMP0030,Employee_30,DEPT07,Analyst,4,14.2,Male,2020-01-14,5,0,Yes,Hybrid,No
EMP0031,Employee_31,DEPT09,Junior Analyst,11,10.6,Female,2021-08-10,3,4,No,Hybrid,No
EMP0032,Employee_32,DEPT02,Team Lead,0,23.6,Male,2018-02-13,4,1,No,Remote,Yes
EMP0033,Employee_33,DEPT14,Team Lead,6,3.7,Female,2015-01-27,4,5,No,Onsite,No
EMP0034,Employee_34,DEPT01,Team Lead,12,8.3,Male,2016-10-15,4,2,No,Hybrid,Yes
EMP0035,Employee_35,DEPT17,Manager,6,11.4,Male,2022-10-30,3,3,Yes,Hybrid,No
EMP0036,Employee_36,DEPT18,Junior Analyst,8,14.0,Female,2019-09-28,3,3,No,Remote,No
EMP0037,Employee_37,DEPT07,Manager,2,21.8,Male,2018-10-25,3,5,No,Hybrid,No
EMP0038,Employee_38,DEPT12,Manager,8,5.4,Male,2018-02-12,3,1,No,Onsite,No
EMP0039,Employee_39,DEPT14,Junior Analyst,13,20.8,Male,2016-09-28,4,4,No,Remote,Yes
EMP0040,Employee_40,DEPT03,Junior Analyst,0,4.7,Male,2017-05-31,4,3,No,Hybrid,Yes
EMP0041,Employee_41,DEPT11,Junior Analyst,0,21.6,Male,2018-10-10,3,1,No,Hybrid,No
EMP0042,Employee_42,DEPT20,Junior Analyst,13,4.6,Male,2016-02-23,4,5,No,Onsite,Yes
EMP0043,Employee_43,DEPT11,Team Lead,3,3.9,Male,2016-01-15,2,0,No,Hybrid,No
EMP0044,Employee_44,DEPT04,Senior Analyst,15,18.5,Male,2019-04-06,3,4,No,Remote,No
EMP0045,Employee_45,DEPT10,Senior Analyst,8,24.9,Female,2016-02-01,4,2,No,Remote,No
EMP0046,Employee_46,DEPT17,Junior Analyst,5,22.8,Male,2019-01-10,3,3,No,Onsite,No
EMP0047,Employee_47,DEPT10,Senior Analyst,12,15.9,Male,2018-11-09,1,1,No,Hybrid,Yes
EMP0048,Employee_48,DEPT14,Senior Analyst,10,23.2,Male,2021-10-08,3,0,No,Onsite,No
EMP0049,Employee_49,DEPT11,Junior Analyst,2,3.6,Male,2017-12-19,3,2,No,Remote,No
EMP0050,Employee_50,DEPT13,Senior Analyst,0,24.5,Female,2015-06-27,5,1,No,Onsite,Yes
EMP0051,Employee_51,DEPT10,Manager,3,14.1,Male,2023-03-08,4,1,No,Hybrid,No
EMP0052,Employee_52,DEPT18,Analyst,11,19.0,Male,2020-02-25,5,2,No,Hybrid,Yes
EMP0053,Employee_53,DEPT05,Analyst,12,21.1,Female,2021-01-05,4,0,No,Hybrid,No
EMP0054,Employee_54,DEPT07,Junior Analyst,8,18.9,Female,2016-05-26,3,5,No,Onsite,No
EMP0055,Employee_55,DEPT14,Team Lead,2,15.0,Male,2019-03-31,3,0,No,Hybrid,Yes
EMP0056,Employee_56,DEPT13,Junior Analyst,11,13.7,Female,2015-11-19,4,4,No,Remote,No
EMP0057,Employee_57,DEPT06,Team Lead,8,21.5,Female,2021-03-11,2,3,Yes,Hybrid,No
EMP0058,Employee_58,DEPT20,Analyst,6,7.9,Male,2018-04-15,5,2,No,Hybrid,No
EMP0059,Employee_59,DEPT19,Junior Analyst,11,24.3,Female,2022-01-18,4,5,No,Onsite,No
EMP0060,Employee_60,DEPT10,Senior Manager,13,18.8,Female,2021-12-08,3,2,No,Hybrid,No
EMP0061,Employee_61,DEPT13,Manager,14,7.8,Male,2019-01-21,5,2,No,Onsite,Yes
EMP0062,Employee_62,DEPT18,Senior Analyst,15,19.3,Male,2021-06-22,4,0,Yes,Remote,Yes
EMP0063,Employee_63,DEPT01,Team Lead,3,14.9,Male,2017-02-26,4,3,No,Onsite,Yes
EMP0064,Employee_64,DEPT10,Senior Manager,2,18.7,Female,2022-11-25,2,4,No,Remote,No
EMP0065,Employee_65,DEPT10,Senior Analyst,9,20.0,Female,2015-10-12,3,1,No,Remote,No
EMP0066,Employee_66,DEPT07,Senior Analyst,14,5.4,Female,2015-07-07,3,1,No,Hybrid,No
EMP0067,Employee_67,DEPT14,Junior Analyst,15,14.4,Male,2022-06-01,3,2,No,Remote,No
EMP0068,Employee_68,DEPT19,Senior Analyst,4,23.5,Female,2017-07-22,2,3,Yes,Hybrid,Yes
EMP0069,Employee_69,DEPT20,Manager,4,10.4,Male,2018-03-31,4,5,No,Remote,No
EMP0070,Employee_70,DEPT11,Senior Manager,2,16.3,Male,2015-11-23,2,0,No,Onsite,Yes
EMP0071,Employee_71,DEPT15,Senior Analyst,11,11.4,Male,2017-08-11,4,3,No,Hybrid,Yes
EMP0072,Employee_72,DEPT15,Junior Analyst,8,13.3,Female,2016-02-18,5,3,No,Onsite,Yes
EMP0073,Employee_73,DEPT15,Manager,3,15.3,Male,2019-04-06,5,0,Yes,Remote,No
EMP0074,Employee_74,DEPT07,Analyst,10,15.3,Female,2018-02-12,3,2,No,Hybrid,Yes
EMP0075,Employee_75,DEPT17,Senior Manager,4,7.8,Male,2020-02-01,5,3,No,Remote,Yes
EMP0076,Employee_76,DEPT16,Senior Analyst,3,18.2,Male,2022-02-16,1,1,No,Onsite,Yes
EMP0077,Employee_77,DEPT06,Junior Analyst,4,5.4,Male,2019-02-03,1,0,No,Remote,Yes
EMP0078,Employee_78,DEPT03,Analyst,6,6.5,Male,2016-10-28,4,5,No,Hybrid,No
EMP0079,Employee_79,DEPT10,Analyst,15,3.6,Female,2019-02-25,3,4,No,Hybrid,No
EMP0080,Employee_80,DEPT17,Team Lead,8,6.0,Male,2018-12-26,3,2,Yes,Hybrid,No
EMP0081,Employee_81,DEPT20,Manager,6,13.7,Female,2017-05-08,4,0,No,Hybrid,No
EMP0082,Employee_82,DEPT11,Senior Analyst,12,16.5,Male,2022-07-08,3,4,No,Onsite,Yes
EMP0083,Employee_83,DEPT03,Junior Analyst,4,20.6,Female,2017-12-29,3,4,No,Remote,No
EMP0084,Employee_84,DEPT08,Team Lead,9,5.8,Male,2022-11-14,3,5,No,Hybrid,Yes
EMP0085,Employee_85,DEPT10,Manager,9,21.8,Female,2022-08-31,4,3,Yes,Onsite,Yes
EMP0086,Employee_86,DEPT08,Team Lead,6,19.5,Female,2022-04-08,4,5,No,Onsite,Yes
EMP0087,Employee_87,DEPT07,Senior Manager,13,12.3,Male,2015-10-20,3,3,No,Onsite,Yes
EMP0088,Employee_88,DEPT05,Manager,14,23.6,Male,2021-10-31,3,3,No,Remote,Yes
EMP0089,Employee_89,DEPT01,Manager,9,24.8,Female,2022-02-13,3,0,Yes,Hybrid,No
EMP0090,Employee_90,DEPT02,Senior Analyst,4,7.9,Female,2016-12-01,2,0,No,Onsite,No
EMP0091,Employee_91,DEPT08,Manager,2,11.7,Male,2020-12-27,4,2,No,Remote,Yes
EMP0092,Employee_92,DEPT16,Team Lead,6,23.4,Female,2023-03-06,3,3,No,Onsite,Yes
EMP0093,Employee_93,DEPT20,Manager,12,19.0,Female,2017-09-29,3,4,No,Hybrid,No
EMP0094,Employee_94,DEPT03,Senior Analyst,10,4.5,Female,2016-10-31,4,1,No,Onsite,Yes
EMP0095,Employee_95,DEPT15,Senior Analyst,10,20.3,Female,2020-03-08,4,2,No,Remote,Yes
EMP0096,Employee_96,DEPT14,Senior Manager,1,21.3,Female,2019-04-04,4,0,Yes,Hybrid,No
EMP0097,Employee_97,DEPT19,Team Lead,14,19.6,Male,2018-01-10,3,5,No,Hybrid,Yes
EMP0098,Employee_98,DEPT07,Analyst,11,20.7,Male,2022-03-06,3,2,Yes,Remote,Yes
EMP0099,Employee_99,DEPT13,Analyst,8,21.2,Male,2022-09-19,3,2,No,Remote,No
EMP0100,Employee_100,DEPT16,Manager,9,7.5,Female,2021-03-31,3,2,No,Remote,Yes
EMP0101,Employee_101,DEPT13,Senior Manager,9,8.6,Female,2017-06-18,4,2,Yes,Onsite,No
EMP0102,Employee_102,DEPT08,Junior Analyst,11,17.1,Male,2022-09-05,4,1,No,Onsite,No
EMP0103,Employee_103,DEPT05,Manager,0,23.0,Female,2018-08-21,4,5,Yes,Remote,Yes
EMP0104,Employee_104,DEPT01,Senior Manager,12,10.3,Female,2015-08-18,4,5,No,Onsite,No
EMP0105,Employee_105,DEPT04,Team Lead,5,16.1,Male,2017-07-27,3,5,No,Onsite,No
EMP0106,Employee_106,DEPT14,Team Lead,6,18.2,Male,2015-05-12,4,3,Yes,Hybrid,Yes
EMP0107,Employee_107,DEPT08,Team Lead,13,13.2,Male,2018-07-16,3,4,No,Hybrid,No
EMP0108,Employee_108,DEPT06,Team Lead,12,18.8,Male,2019-07-02,3,5,No,Hybrid,Yes
EMP0109,Employee_109,DEPT17,Team Lead,7,22.8,Male,2018-01-01,3,2,No,Onsite,No
EMP0110,Employee_110,DEPT15,Senior Manager,9,16.9,Male,2015-09-29,3,2,Yes,Onsite,Yes
EMP0111,Employee_111,DEPT02,Senior Manager,8,15.1,Male,2017-05-14,3,5,No,Hybrid,No
EMP0112,Employee_112,DEPT18,Senior Analyst,1,12.9,Male,2021-05-12,5,5,No,Onsite,Yes
EMP0113,Employee_113,DEPT08,Analyst,10,15.9,Male,2023-01-19,3,2,No,Onsite,No
EMP0114,Employee_114,DEPT04,Team Lead,9,11.1,Male,2018-07-12,2,3,Yes,Remote,Yes
EMP0115,Employee_115,DEPT15,Junior Analyst,1,11.9,Female,2017-05-20,3,0,Yes,Hybrid,No
EMP0116,Employee_116,DEPT05,Senior Manager,4,14.9,Male,2022-05-08,4,0,No,Hybrid,No
EMP0117,Employee_117,DEPT15,Junior Analyst,12,4.9,Female,2020-08-06,4,5,No,Onsite,No
EMP0118,Employee_118,DEPT17,Junior Analyst,4,8.4,Female,2019-06-09,4,1,No,Onsite,No
EMP0119,Employee_119,DEPT18,Junior Analyst,5,15.2,Male,2022-03-18,3,5,No,Hybrid,No
EMP0120,Employee_120,DEPT20,Senior Analyst,2,12.8,Male,2020-02-23,4,5,No,Onsite,No
EMP0121,Employee_121,DEPT11,Senior Manager,7,10.7,Male,2016-08-08,3,0,No,Hybrid,No
EMP0122,Employee_122,DEPT15,Junior Analyst,15,19.2,Male,2017-12-20,4,2,No,Hybrid,Yes
EMP0123,Employee_123,DEPT20,Team Lead,12,18.4,Female,2016-07-25,4,5,No,Hybrid,No
EMP0124,Employee_124,DEPT17,Manager,0,7.1,Male,2017-10-07,3,2,No,Remote,No
EMP0125,Employee_125,DEPT14,Junior Analyst,5,22.4,Male,2021-04-18,2,2,No,Onsite,No
EMP0126,Employee_126,DEPT18,Senior Analyst,3,14.2,Male,2021-01-16,1,1,No,Remote,No
EMP0127,Employee_127,DEPT15,Senior Manager,0,19.4,Male,2017-12-12,3,2,No,Hybrid,No
EMP0128,Employee_128,DEPT06,Senior Analyst,14,15.8,Female,2021-07-22,3,0,No,Hybrid,Yes
EMP0129,Employee_129,DEPT16,Junior Analyst,6,25.0,Male,2019-10-21,4,3,No,Onsite,No
EMP0130,Employee_130,DEPT15,Senior Manager,8,19.7,Male,2021-07-18,3,3,No,Onsite,No
EMP0131,Employee_131,DEPT09,Manager,12,18.7,Male,2019-06-24,3,4,No,Hybrid,No
EMP0132,Employee_132,DEPT08,Junior Analyst,3,20.2,Female,2019-01-22,2,5,Yes,Hybrid,No
EMP0133,Employee_133,DEPT09,Senior Analyst,3,6.6,Male,2017-06-17,2,0,No,Hybrid,No
EMP0134,Employee_134,DEPT17,Analyst,5,7.9,Male,2016-07-20,5,2,No,Onsite,No
EMP0135,Employee_135,DEPT16,Team Lead,11,18.9,Female,2020-09-18,3,3,No,Remote,No
EMP0136,Employee_136,DEPT08,Senior Analyst,14,14.1,Male,2020-07-14,4,0,No,Hybrid,No
EMP0137,Employee_137,DEPT09,Senior Manager,2,19.7,Female,2016-01-08,4,3,No,Hybrid,Yes
EMP0138,Employee_138,DEPT15,Junior Analyst,12,5.7,Female,2015-07-12,4,2,Yes,Remote,No
EMP0139,Employee_139,DEPT03,Team Lead,11,15.0,Female,2016-03-25,5,3,No,Onsite,No
EMP0140,Employee_140,DEPT10,Junior Analyst,5,11.6,Female,2016-09-18,3,5,No,Remote,Yes
EMP0141,Employee_141,DEPT08,Senior Manager,6,13.3,Female,2022-01-14,5,5,No,Onsite,Yes
EMP0142,Employee_142,DEPT09,Junior Analyst,10,16.5,Female,2016-10-17,2,4,No,Remote,No
EMP0143,Employee_143,DEPT11,Analyst,9,14.3,Female,2022-08-19,2,4,No,Hybrid,Yes
EMP0144,Employee_144,DEPT11,Team Lead,9,15.1,Female,2019-09-26,4,3,No,Remote,No
EMP0145,Employee_145,DEPT18,Team Lead,2,14.0,Male,2021-09-08,5,0,No,Hybrid,No
EMP0146,Employee_146,DEPT03,Senior Manager,6,12.3,Male,2015-09-18,4,5,Yes,Onsite,No
EMP0147,Employee_147,DEPT05,Analyst,13,20.1,Male,2019-04-26,2,0,No,Hybrid,No
EMP0148,Employee_148,DEPT05,Senior Analyst,2,3.8,Male,2019-04-13,3,0,No,Hybrid,Yes
EMP0149,Employee_149,DEPT08,Junior Analyst,12,16.4,Male,2021-09-06,5,3,No,Onsite,No
EMP0150,Employee_150,DEPT13,Manager,12,15.7,Male,2020-04-01,3,0,No,Onsite,No
EMP0151,Employee_151,DEPT05,Junior Analyst,1,18.9,Male,2020-12-07,4,5,Yes,Remote,No
EMP0152,Employee_152,DEPT07,Junior Analyst,11,16.4,Female,2017-10-26,4,2,No,Onsite,Yes
EMP0153,Employee_153,DEPT03,Senior Analyst,13,21.3,Female,2021-03-16,3,4,Yes,Hybrid,No
EMP0154,Employee_154,DEPT14,Junior Analyst,9,24.1,Male,2015-02-17,3,2,No,Hybrid,Yes
EMP0155,Employee_155,DEPT14,Analyst,3,10.9,Male,2022-08-18,3,0,No,Remote,Yes
EMP0156,Employee_156,DEPT11,Analyst,11,8.4,Female,2023-01-31,3,2,Yes,Onsite,Yes
EMP0157,Employee_157,DEPT18,Team Lead,7,12.6,Male,2016-04-14,5,5,No,Remote,Yes
EMP0158,Employee_158,DEPT15,Senior Manager,12,9.7,Female,2022-08-24,3,5,Yes,Hybrid,No
EMP0159,Employee_159,DEPT14,Manager,14,16.7,Male,2021-01-08,5,0,No,Onsite,Yes
EMP0160,Employee_160,DEPT02,Junior Analyst,8,23.1,Male,2017-12-28,2,3,No,Remote,No
EMP0161,Employee_161,DEPT07,Junior Analyst,6,6.5,Female,2022-03-10,5,2,Yes,Hybrid,No
EMP0162,Employee_162,DEPT14,Senior Analyst,0,5.7,Male,2018-10-25,3,3,No,Hybrid,No
EMP0163,Employee_163,DEPT13,Senior Manager,2,9.0,Female,2016-04-01,1,3,Yes,Onsite,Yes
EMP0164,Employee_164,DEPT19,Analyst,12,19.1,Female,2018-04-17,1,1,No,Hybrid,No
EMP0165,Employee_165,DEPT01,Manager,11,16.2,Male,2019-11-16,4,0,No,Onsite,No
EMP0166,Employee_166,DEPT19,Team Lead,13,5.7,Female,2016-10-09,4,4,No,Onsite,No
EMP0167,Employee_167,DEPT13,Analyst,8,23.3,Female,2020-02-02,4,5,Yes,Hybrid,Yes
EMP0168,Employee_168,DEPT16,Senior Manager,14,20.5,Male,2015-01-14,2,5,No,Hybrid,No
EMP0169,Employee_169,DEPT01,Team Lead,11,4.0,Female,2023-02-05,1,0,No,Onsite,No
EMP0170,Employee_170,DEPT12,Senior Analyst,0,17.5,Male,2023-01-26,3,4,No,Onsite,No
EMP0171,Employee_171,DEPT10,Senior Analyst,8,20.1,Female,2017-12-14,3,5,No,Onsite,Yes
EMP0172,Employee_172,DEPT13,Junior Analyst,7,11.6,Female,2020-08-12,3,0,No,Onsite,No
EMP0173,Employee_173,DEPT14,Senior Manager,0,5.0,Male,2017-01-01,5,5,No,Onsite,Yes
EMP0174,Employee_174,DEPT18,Manager,5,5.2,Female,2020-09-10,5,3,No,Onsite,Yes
EMP0175,Employee_175,DEPT18,Team Lead,4,5.7,Female,2016-03-11,5,2,No,Remote,No
EMP0176,Employee_176,DEPT20,Analyst,5,21.6,Female,2022-01-05,4,2,No,Hybrid,Yes
EMP0177,Employee_177,DEPT08,Senior Manager,9,23.1,Female,2018-05-07,3,5,No,Hybrid,Yes
EMP0178,Employee_178,DEPT16,Senior Manager,11,6.1,Female,2022-03-02,3,1,Yes,Hybrid,Yes
EMP0179,Employee_179,DEPT08,Senior Analyst,12,8.6,Male,2020-09-10,3,4,No,Onsite,No
EMP0180,Employee_180,DEPT09,Junior Analyst,15,7.1,Female,2021-10-30,4,4,No,Hybrid,No
EMP0181,Employee_181,DEPT14,Junior Analyst,12,7.5,Male,2017-03-25,2,4,No,Hybrid,No
EMP0182,Employee_182,DEPT16,Team Lead,12,21.5,Male,2016-09-18,3,3,No,Hybrid,No
EMP0183,Employee_183,DEPT01,Senior Analyst,14,10.6,Female,2019-03-12,2,4,No,Hybrid,Yes
EMP0184,Employee_184,DEPT13,Senior Manager,4,10.2,Male,2016-10-23,3,2,Yes,Hybrid,No
EMP0185,Employee_185,DEPT11,Manager,15,8.4,Male,2021-01-18,5,3,Yes,Remote,No
EMP0186,Employee_186,DEPT13,Senior Analyst,5,16.6,Male,2020-12-12,4,0,No,Onsite,Yes
EMP0187,Employee_187,DEPT06,Team Lead,4,11.7,Male,2015-01-03,3,4,No,Hybrid,No
EMP0188,Employee_188,DEPT15,Team Lead,10,19.5,Female,2021-09-19,5,4,No,Hybrid,No
EMP0189,Employee_189,DEPT05,Senior Analyst,11,7.9,Male,2018-08-20,4,0,No,Hybrid,Yes
EMP0190,Employee_190,DEPT20,Team Lead,4,20.4,Female,2020-06-24,1,4,No,Remote,Yes
EMP0191,Employee_191,DEPT18,Senior Analyst,3,16.5,Male,2015-03-21,3,0,No,Onsite,Yes
EMP0192,Employee_192,DEPT01,Analyst,2,6.0,Female,2016-04-03,3,3,No,Remote,Yes
EMP0193,Employee_193,DEPT13,Senior Analyst,2,12.4,Male,2019-01-26,2,2,Yes,Hybrid,No
EMP0194,Employee_194,DEPT19,Senior Analyst,3,22.1,Male,2018-06-13,5,0,No,Remote,No
EMP0195,Employee_195,DEPT19,Team Lead,8,23.3,Female,2017-09-07,3,1,No,Remote,No
EMP0196,Employee_196,DEPT01,Team Lead,1,13.5,Female,2015-08-26,5,0,Yes,Onsite,No
EMP0197,Employee_197,DEPT03,Junior Analyst,14,13.8,Male,2017-09-13,3,4,No,Remote,Yes
EMP0198,Employee_198,DEPT14,Junior Analyst,8,23.2,Male,2021-05-12,2,3,No,Hybrid,No
EMP0199,Employee_199,DEPT05,Analyst,0,16.1,Male,2015-11-19,3,5,No,Hybrid,No
EMP0200,Employee_200,DEPT15,Junior Analyst,13,4.2,Male,2015-12-17,2,3,No,Hybrid,No
EMP0201,Employee_201,DEPT06,Senior Analyst,14,23.1,Female,2023-03-17,3,5,No,Remote,No
EMP0202,Employee_202,DEPT02,Team Lead,14,8.8,Male,2020-06-13,5,0,No,Hybrid,No
EMP0203,Employee_203,DEPT09,Junior Analyst,0,15.9,Male,2015-10-11,3,2,No,Onsite,No
EMP0204,Employee_204,DEPT13,Junior Analyst,4,7.1,Male,2020-12-21,4,1,No,Hybrid,No
EMP0205,Employee_205,DEPT11,Analyst,5,4.2,Male,2016-05-30,3,3,Yes,Remote,Yes
EMP0206,Employee_206,DEPT07,Senior Manager,5,10.2,Male,2016-06-09,1,4,No,Remote,Yes
EMP0207,Employee_207,DEPT15,Analyst,2,20.3,Male,2022-05-26,2,5,No,Hybrid,Yes
EMP0208,Employee_208,DEPT11,Senior Analyst,15,9.5,Male,2020-04-30,4,4,No,Hybrid,Yes
EMP0209,Employee_209,DEPT11,Team Lead,6,8.2,Male,2021-03-01,2,2,No,Onsite,No
EMP0210,Employee_210,DEPT13,Analyst,8,8.1,Female,2016-11-07,3,5,No,Hybrid,No
EMP0211,Employee_211,DEPT09,Junior Analyst,10,14.6,Male,2017-12-21,4,3,No,Onsite,No
EMP0212,Employee_212,DEPT14,Team Lead,11,24.5,Female,2020-12-01,3,0,No,Remote,No
EMP0213,Employee_213,DEPT09,Team Lead,9,13.4,Male,2021-10-20,3,4,No,Onsite,No
EMP0214,Employee_214,DEPT03,Junior Analyst,15,15.5,Female,2019-09-30,3,2,No,Remote,Yes
EMP0215,Employee_215,DEPT16,Analyst,15,22.0,Female,2017-05-17,5,3,No,Remote,Yes
EMP0216,Employee_216,DEPT01,Junior Analyst,7,15.0,Female,2021-01-17,4,3,No,Onsite,No
EMP0217,Employee_217,DEPT18,Senior Manager,5,7.5,Female,2023-03-09,3,3,No,Remote,No
EMP0218,Employee_218,DEPT02,Team Lead,11,9.9,Male,2022-09-26,1,3,Yes,Hybrid,No
EMP0219,Employee_219,DEPT12,Manager,7,10.2,Male,2017-04-03,5,5,No,Onsite,Yes
EMP0220,Employee_220,DEPT08,Manager,11,12.0,Male,2022-12-30,4,3,No,Hybrid,Yes
EMP0221,Employee_221,DEPT03,Senior Analyst,4,12.7,Male,2018-06-30,3,4,No,Remote,No
EMP0222,Employee_222,DEPT02,Junior Analyst,7,20.7,Male,2019-06-23,5,2,No,Hybrid,Yes
EMP0223,Employee_223,DEPT01,Junior Analyst,9,11.0,Male,2022-07-14,3,5,No,Onsite,Yes
EMP0224,Employee_224,DEPT08,Senior Analyst,11,13.6,Female,2022-04-15,3,3,No,Onsite,No
EMP0225,Employee_225,DEPT07,Senior Analyst,3,16.9,Male,2019-03-10,4,1,Yes,Onsite,Yes
EMP0226,Employee_226,DEPT01,Senior Analyst,9,11.6,Female,2019-11-30,3,1,No,Onsite,No
EMP0227,Employee_227,DEPT20,Team Lead,7,21.5,Female,2020-10-20,5,2,No,Onsite,Yes
EMP0228,Employee_228,DEPT05,Senior Manager,9,16.1,Female,2020-01-24,4,0,No,Hybrid,Yes
EMP0229,Employee_229,DEPT08,Junior Analyst,11,9.8,Male,2016-05-10,4,0,Yes,Hybrid,No
EMP0230,Employee_230,DEPT05,Team Lead,1,18.9,Male,2017-10-12,3,5,Yes,Hybrid,No
EMP0231,Employee_231,DEPT16,Senior Analyst,11,14.8,Male,2017-07-09,2,5,No,Hybrid,No
EMP0232,Employee_232,DEPT04,Junior Analyst,11,15.0,Male,2015-09-20,3,5,No,Onsite,No
EMP0233,Employee_233,DEPT19,Team Lead,4,13.8,Female,2018-10-16,4,0,No,Onsite,Yes
EMP0234,Employee_234,DEPT07,Senior Manager,8,14.2,Male,2015-03-28,3,1,Yes,Remote,No
EMP0235,Employee_235,DEPT15,Team Lead,3,20.0,Female,2021-08-06,3,0,No,Onsite,Yes
EMP0236,Employee_236,DEPT09,Senior Manager,15,5.7,Male,2021-03-18,4,4,No,Remote,No
EMP0237,Employee_237,DEPT12,Senior Analyst,10,10.7,Female,2017-07-31,2,3,Yes,Remote,No
EMP0238,Employee_238,DEPT06,Senior Manager,5,5.1,Female,2021-08-07,4,5,Yes,Remote,No
EMP0239,Employee_239,DEPT20,Junior Analyst,14,19.7,Male,2017-06-21,2,1,No,Remote,No
EMP0240,Employee_240,DEPT20,Senior Analyst,0,9.4,Male,2015-01-30,5,2,No,Hybrid,Yes
EMP0241,Employee_241,DEPT04,Junior Analyst,8,22.8,Male,2015-10-18,3,2,No,Hybrid,Yes
EMP0242,Employee_242,DEPT06,Manager,0,14.8,Male,2022-12-09,3,3,No,Remote,No
EMP0243,Employee_243,DEPT10,Analyst,4,20.7,Male,2022-01-28,3,1,No,Hybrid,No
EMP0244,Employee_244,DEPT04,Senior Manager,3,24.5,Male,2015-08-30,3,0,Yes,Hybrid,No
EMP0245,Employee_245,DEPT19,Analyst,12,21.6,Male,2017-07-26,4,0,No,Remote,Yes
EMP0246,Employee_246,DEPT01,Analyst,11,22.1,Male,2015-10-04,4,4,No,Remote,Yes
EMP0247,Employee_247,DEPT10,Senior Manager,15,12.3,Male,2015-05-09,4,4,No,Remote,Yes
EMP0248,Employee_248,DEPT19,Senior Analyst,12,15.4,Female,2018-09-15,2,0,No,Hybrid,No
EMP0249,Employee_249,DEPT13,Manager,12,9.0,Male,2015-10-18,3,2,No,Hybrid,No
EMP0250,Employee_250,DEPT13,Junior Analyst,13,7.7,Female,2020-10-06,2,5,No,Onsite,No
EMP0251,Employee_251,DEPT07,Team Lead,2,14.4,Male,2017-09-01,4,2,No,Remote,Yes
EMP0252,Employee_252,DEPT03,Junior Analyst,12,16.3,Male,2018-02-14,5,4,No,Remote,No
EMP0253,Employee_253,DEPT19,Team Lead,5,10.8,Female,2022-07-03,3,3,No,Remote,No
EMP0254,Employee_254,DEPT08,Junior Analyst,1,15.7,Male,2020-06-11,3,0,Yes,Onsite,Yes
EMP0255,Employee_255,DEPT04,Senior Manager,2,22.6,Male,2017-05-27,4,4,Yes,Hybrid,No
EMP0256,Employee_256,DEPT10,Manager,15,15.5,Male,2021-01-17,4,4,No,Hybrid,No
EMP0257,Employee_257,DEPT20,Team Lead,4,19.0,Male,2016-06-25,4,5,No,Hybrid,No
EMP0258,Employee_258,DEPT04,Senior Analyst,14,20.8,Male,2023-02-10,5,0,Yes,Hybrid,No
EMP0259,Employee_259,DEPT19,Junior Analyst,8,24.8,Male,2021-05-27,3,5,No,Hybrid,Yes
EMP0260,Employee_260,DEPT02,Junior Analyst,1,16.5,Female,2021-06-18,3,0,Yes,Remote,Yes
EMP0261,Employee_261,DEPT12,Team Lead,9,20.8,Male,2020-04-20,5,5,No,Hybrid,No
EMP0262,Employee_262,DEPT18,Senior Analyst,7,24.2,Male,2017-09-22,4,2,No,Onsite,Yes
EMP0263,Employee_263,DEPT14,Senior Analyst,13,23.8,Male,2020-04-21,3,3,No,Hybrid,No
EMP0264,Employee_264,DEPT12,Senior Manager,1,6.5,Female,2019-07-26,4,3,No,Onsite,No
EMP0265,Employee_265,DEPT03,Senior Manager,10,12.2,Male,2017-02-18,4,0,No,Hybrid,No
EMP0266,Employee_266,DEPT17,Senior Manager,12,10.5,Male,2016-01-22,4,1,Yes,Onsite,No
EMP0267,Employee_267,DEPT11,Senior Manager,4,5.4,Male,2016-02-02,4,4,No,Onsite,Yes
EMP0268,Employee_268,DEPT01,Senior Manager,6,17.1,Female,2022-05-23,3,4,No,Onsite,Yes
EMP0269,Employee_269,DEPT14,Senior Manager,7,19.3,Male,2019-11-01,3,0,No,Onsite,Yes
EMP0270,Employee_270,DEPT16,Manager,0,21.7,Male,2018-12-22,3,5,No,Hybrid,No
EMP0271,Employee_271,DEPT04,Senior Analyst,5,6.1,Male,2019-10-01,4,1,Yes,Hybrid,Yes
EMP0272,Employee_272,DEPT14,Senior Manager,0,22.3,Female,2019-08-11,4,2,No,Remote,Yes
EMP0273,Employee_273,DEPT12,Senior Analyst,1,17.3,Male,2020-03-27,4,5,No,Onsite,No
EMP0274,Employee_274,DEPT15,Senior Analyst,15,18.6,Male,2023-03-06,1,5,No,Onsite,No
EMP0275,Employee_275,DEPT05,Analyst,14,23.1,Female,2015-08-10,4,0,No,Onsite,Yes
EMP0276,Employee_276,DEPT14,Manager,0,16.9,Female,2022-07-21,4,0,No,Onsite,No
EMP0277,Employee_277,DEPT06,Senior Manager,10,10.7,Male,2022-04-30,4,4,No,Hybrid,No
EMP0278,Employee_278,DEPT17,Junior Analyst,4,21.2,Female,2022-03-31,4,0,Yes,Onsite,Yes
EMP0279,Employee_279,DEPT09,Team Lead,9,11.3,Male,2016-02-08,4,0,No,Remote,Yes
EMP0280,Employee_280,DEPT20,Junior Analyst,14,4.2,Male,2015-09-06,3,0,No,Onsite,Yes
EMP0281,Employee_281,DEPT18,Manager,8,21.4,Male,2019-07-08,3,4,No,Onsite,No
EMP0282,Employee_282,DEPT16,Team Lead,5,10.9,Female,2023-03-02,2,2,No,Remote,Yes
EMP0283,Employee_283,DEPT15,Manager,10,20.1,Male,2018-10-21,3,2,No,Hybrid,No
EMP0284,Employee_284,DEPT14,Senior Analyst,10,11.3,Male,2016-03-23,4,0,Yes,Onsite,No
EMP0285,Employee_285,DEPT19,Team Lead,0,22.0,Male,2017-10-15,4,4,No,Onsite,No
EMP0286,Employee_286,DEPT09,Senior Analyst,12,8.2,Female,2017-02-23,3,2,No,Remote,Yes
EMP0287,Employee_287,DEPT11,Junior Analyst,0,24.5,Male,2017-02-18,2,5,No,Onsite,No
EMP0288,Employee_288,DEPT08,Junior Analyst,1,20.3,Male,2021-01-05,4,2,No,Onsite,No
EMP0289,Employee_289,DEPT03,Team Lead,8,6.0,Male,2020-01-12,1,2,No,Hybrid,No
EMP0290,Employee_290,DEPT09,Team Lead,2,15.7,Male,2016-07-28,3,4,No,Hybrid,No
EMP0291,Employee_291,DEPT15,Senior Manager,14,24.7,Male,2019-09-25,1,5,Yes,Remote,No
EMP0292,Employee_292,DEPT08,Manager,0,13.6,Female,2017-01-21,3,4,No,Remote,No
EMP0293,Employee_293,DEPT15,Senior Manager,4,7.4,Male,2018-02-14,3,0,No,Remote,No
EMP0294,Employee_294,DEPT19,Manager,15,13.9,Male,2020-03-09,3,3,Yes,Remote,No
EMP0295,Employee_295,DEPT20,Senior Manager,6,14.5,Female,2017-10-20,3,2,Yes,Hybrid,Yes
EMP0296,Employee_296,DEPT13,Senior Analyst,5,19.4,Male,2015-11-05,5,3,No,Hybrid,Yes
EMP0297,Employee_297,DEPT11,Team Lead,11,18.5,Male,2019-12-21,3,4,No,Onsite,Yes
EMP0298,Employee_298,DEPT01,Junior Analyst,0,12.2,Female,2021-03-04,4,4,No,Remote,No
EMP0299,Employee_299,DEPT16,Manager,4,8.2,Male,2016-02-06,2,4,Yes,Remote,No
EMP0300,Employee_300,DEPT11,Manager,14,17.4,Male,2015-07-27,3,3,No,Hybrid,No
EMP0301,Employee_301,DEPT06,Junior Analyst,4,12.6,Male,2022-04-25,4,4,No,Hybrid,No
EMP0302,Employee_302,DEPT16,Senior Manager,5,6.3,Male,2021-01-23,2,0,No,Remote,No
EMP0303,Employee_303,DEPT07,Manager,2,22.9,Male,2015-03-02,3,4,No,Onsite,No
EMP0304,Employee_304,DEPT12,Senior Analyst,4,18.4,Male,2016-01-18,4,1,No,Hybrid,Yes
EMP0305,Employee_305,DEPT09,Team Lead,6,18.2,Male,2017-08-26,4,3,No,Onsite,No
EMP0306,Employee_306,DEPT11,Junior Analyst,4,21.2,Male,2016-11-12,1,1,No,Remote,Yes
EMP0307,Employee_307,DEPT09,Team Lead,4,14.9,Female,2019-07-23,3,4,No,Onsite,Yes
EMP0308,Employee_308,DEPT20,Manager,4,21.0,Female,2020-06-12,4,0,No,Hybrid,Yes
EMP0309,Employee_309,DEPT09,Manager,9,14.2,Male,2020-05-25,2,2,No,Onsite,Yes
EMP0310,Employee_310,DEPT18,Junior Analyst,9,4.9,Male,2017-05-25,4,5,No,Remote,No
EMP0311,Employee_311,DEPT01,Senior Analyst,2,12.2,Female,2019-07-01,4,5,Yes,Hybrid,No
EMP0312,Employee_312,DEPT17,Analyst,0,14.2,Male,2015-08-29,5,4,Yes,Onsite,Yes
EMP0313,Employee_313,DEPT07,Junior Analyst,4,19.0,Male,2016-11-05,3,0,Yes,Remote,No
EMP0314,Employee_314,DEPT03,Analyst,13,5.8,Female,2019-04-02,4,3,No,Remote,No
EMP0315,Employee_315,DEPT08,Senior Manager,8,6.5,Male,2015-01-09,3,1,No,Onsite,Yes
EMP0316,Employee_316,DEPT14,Analyst,13,9.2,Female,2019-05-19,3,1,Yes,Hybrid,No
EMP0317,Employee_317,DEPT16,Senior Analyst,0,9.2,Female,2017-12-22,2,1,No,Onsite,Yes
EMP0318,Employee_318,DEPT18,Senior Manager,2,19.2,Male,2020-02-07,4,3,No,Remote,No
EMP0319,Employee_319,DEPT08,Analyst,12,8.9,Male,2018-03-14,3,5,No,Remote,No
EMP0320,Employee_320,DEPT16,Senior Manager,12,17.1,Male,2019-09-29,3,0,No,Hybrid,Yes
EMP0321,Employee_321,DEPT16,Analyst,3,14.1,Female,2022-10-24,2,3,No,Hybrid,Yes
EMP0322,Employee_322,DEPT15,Senior Analyst,13,15.8,Female,2023-03-12,4,1,Yes,Onsite,No
EMP0323,Employee_323,DEPT01,Analyst,0,21.5,Female,2021-03-26,4,4,No,Onsite,No
EMP0324,Employee_324,DEPT03,Analyst,0,12.2,Male,2022-06-04,4,2,No,Hybrid,Yes
EMP0325,Employee_325,DEPT10,Analyst,7,20.1,Female,2023-01-21,3,3,No,Remote,No
EMP0326,Employee_326,DEPT08,Junior Analyst,15,12.6,Female,2020-06-16,3,3,No,Hybrid,No
EMP0327,Employee_327,DEPT13,Junior Analyst,1,11.1,Female,2016-09-26,4,0,No,Hybrid,No
EMP0328,Employee_328,DEPT08,Junior Analyst,11,24.1,Female,2017-02-16,3,0,Yes,Hybrid,No
EMP0329,Employee_329,DEPT10,Senior Analyst,14,7.5,Female,2018-04-30,3,3,Yes,Remote,No
EMP0330,Employee_330,DEPT19,Senior Manager,7,5.4,Female,2017-06-10,4,1,No,Remote,No
EMP0331,Employee_331,DEPT12,Manager,6,20.1,Male,2015-08-28,5,2,No,Hybrid,No
EMP0332,Employee_332,DEPT16,Analyst,9,5.0,Male,2021-06-30,4,0,Yes,Remote,No
EMP0333,Employee_333,DEPT18,Analyst,9,21.5,Male,2021-01-29,4,1,No,Onsite,Yes
EMP0334,Employee_334,DEPT17,Senior Analyst,1,12.9,Female,2015-09-07,5,4,No,Hybrid,Yes
EMP0335,Employee_335,DEPT12,Analyst,5,23.2,Male,2018-07-08,3,0,No,Hybrid,No
EMP0336,Employee_336,DEPT14,Junior Analyst,5,19.0,Female,2015-08-23,4,1,No,Remote,No
EMP0337,Employee_337,DEPT18,Manager,2,16.6,Female,2015-07-25,5,1,No,Onsite,Yes
EMP0338,Employee_338,DEPT11,Team Lead,10,23.9,Female,2021-07-20,3,2,No,Remote,No
EMP0339,Employee_339,DEPT12,Analyst,1,12.0,Male,2020-05-06,4,2,Yes,Hybrid,No
EMP0340,Employee_340,DEPT15,Junior Analyst,11,24.0,Male,2020-08-21,4,4,No,Hybrid,Yes
EMP0341,Employee_341,DEPT09,Team Lead,0,6.4,Male,2020-12-15,4,1,No,Onsite,No
EMP0342,Employee_342,DEPT10,Manager,5,13.9,Female,2016-10-06,4,5,No,Onsite,Yes
EMP0343,Employee_343,DEPT09,Team Lead,11,9.3,Female,2015-08-21,5,1,No,Hybrid,Yes
EMP0344,Employee_344,DEPT08,Junior Analyst,4,15.1,Female,2020-09-11,4,2,No,Remote,No
EMP0345,Employee_345,DEPT04,Senior Manager,13,7.0,Male,2015-11-25,2,5,No,Remote,No
EMP0346,Employee_346,DEPT07,Senior Manager,13,21.6,Female,2017-01-31,5,0,No,Hybrid,Yes
EMP0347,Employee_347,DEPT11,Team Lead,10,21.7,Female,2015-10-08,3,0,No,Onsite,No
EMP0348,Employee_348,DEPT04,Senior Analyst,8,24.0,Male,2021-09-03,3,3,Yes,Hybrid,No
EMP0349,Employee_349,DEPT18,Team Lead,0,6.8,Female,2015-10-06,3,2,No,Onsite,Yes
EMP0350,Employee_350,DEPT06,Analyst,15,16.9,Male,2022-07-28,3,3,No,Remote,Yes
EMP0351,Employee_351,DEPT07,Analyst,14,13.7,Male,2017-08-21,3,5,Yes,Hybrid,No
EMP0352,Employee_352,DEPT07,Senior Manager,14,10.9,Female,2019-07-12,5,2,No,Remote,Yes
EMP0353,Employee_353,DEPT16,Senior Analyst,6,11.1,Male,2016-05-06,4,4,No,Hybrid,No
EMP0354,Employee_354,DEPT09,Junior Analyst,14,12.4,Female,2021-05-22,4,1,No,Remote,No
EMP0355,Employee_355,DEPT19,Analyst,4,18.7,Female,2017-10-05,1,4,No,Remote,No
EMP0356,Employee_356,DEPT17,Senior Manager,4,16.4,Male,2021-06-29,5,5,No,Onsite,Yes
EMP0357,Employee_357,DEPT20,Manager,13,13.4,Male,2021-09-01,5,2,No,Remote,No
EMP0358,Employee_358,DEPT10,Senior Manager,1,5.1,Male,2015-06-12,4,5,No,Remote,No
EMP0359,Employee_359,DEPT04,Analyst,10,5.2,Male,2021-12-11,1,1,Yes,Onsite,Yes
EMP0360,Employee_360,DEPT07,Analyst,2,3.6,Male,2015-12-02,2,0,No,Remote,Yes
EMP0361,Employee_361,DEPT10,Senior Manager,6,24.3,Male,2019-09-14,3,0,No,Remote,Yes
EMP0362,Employee_362,DEPT08,Junior Analyst,5,3.6,Male,2022-05-16,2,5,No,Hybrid,No
EMP0363,Employee_363,DEPT12,Team Lead,15,5.7,Male,2021-07-18,3,3,No,Hybrid,No
EMP0364,Employee_364,DEPT06,Analyst,11,10.3,Male,2021-05-04,5,2,No,Hybrid,Yes
EMP0365,Employee_365,DEPT10,Senior Manager,1,20.9,Female,2020-11-11,3,2,Yes,Onsite,No
EMP0366,Employee_366,DEPT01,Senior Manager,5,24.2,Female,2018-07-19,1,0,No,Onsite,Yes
EMP0367,Employee_367,DEPT18,Senior Analyst,1,20.5,Male,2017-12-04,3,4,No,Hybrid,No
EMP0368,Employee_368,DEPT05,Team Lead,1,18.3,Male,2017-04-16,1,1,No,Remote,No
EMP0369,Employee_369,DEPT09,Manager,1,14.7,Female,2022-07-06,1,4,Yes,Onsite,No
EMP0370,Employee_370,DEPT02,Junior Analyst,13,5.4,Female,2023-01-12,3,4,Yes,Hybrid,No
EMP0371,Employee_371,DEPT02,Manager,14,24.1,Female,2018-07-10,3,5,No,Hybrid,No
EMP0372,Employee_372,DEPT18,Team Lead,10,19.8,Female,2017-09-04,4,0,No,Remote,No
EMP0373,Employee_373,DEPT10,Team Lead,2,17.2,Male,2017-12-23,5,0,No,Onsite,No
EMP0374,Employee_374,DEPT05,Team Lead,14,19.8,Male,2019-06-10,3,0,No,Hybrid,No
EMP0375,Employee_375,DEPT16,Manager,1,19.1,Male,2016-06-20,3,5,No,Remote,Yes
EMP0376,Employee_376,DEPT04,Team Lead,3,17.2,Male,2022-07-14,4,3,No,Hybrid,Yes
EMP0377,Employee_377,DEPT01,Senior Manager,8,24.6,Male,2022-03-28,3,4,No,Hybrid,Yes
EMP0378,Employee_378,DEPT19,Manager,5,22.9,Male,2018-05-13,3,5,No,Hybrid,No
EMP0379,Employee_379,DEPT10,Team Lead,0,17.4,Male,2020-02-16,5,2,Yes,Remote,No
EMP0380,Employee_380,DEPT16,Senior Manager,7,18.4,Female,2018-07-19,1,1,No,Onsite,No
EMP0381,Employee_381,DEPT16,Senior Analyst,14,4.6,Female,2015-10-25,4,3,Yes,Hybrid,Yes
EMP0382,Employee_382,DEPT15,Team Lead,11,17.9,Male,2015-02-08,4,2,No,Hybrid,No
EMP0383,Employee_383,DEPT11,Manager,13,4.4,Female,2020-02-21,3,4,No,Hybrid,No
EMP0384,Employee_384,DEPT06,Analyst,6,16.1,Male,2021-12-19,3,0,Yes,Onsite,No
EMP0385,Employee_385,DEPT02,Team Lead,9,25.0,Female,2021-04-25,4,4,No,Onsite,No
EMP0386,Employee_386,DEPT09,Analyst,2,15.4,Male,2016-02-14,2,5,No,Hybrid,No
EMP0387,Employee_387,DEPT16,Senior Manager,0,13.7,Female,2015-10-28,3,1,No,Hybrid,Yes
EMP0388,Employee_388,DEPT04,Senior Analyst,4,10.2,Female,2021-01-11,4,5,No,Hybrid,No
EMP0389,Employee_389,DEPT03,Junior Analyst,12,6.1,Male,2017-05-23,3,3,Yes,Hybrid,Yes
EMP0390,Employee_390,DEPT13,Senior Analyst,3,19.2,Male,2020-09-03,2,3,No,Remote,No
EMP0391,Employee_391,DEPT16,Team Lead,9,7.6,Male,2017-12-22,5,1,No,Hybrid,No
EMP0392,Employee_392,DEPT03,Analyst,7,6.0,Male,2016-06-26,3,2,No,Hybrid,No
EMP0393,Employee_393,DEPT19,Analyst,0,12.6,Male,2018-11-30,4,2,No,Remote,Yes
EMP0394,Employee_394,DEPT02,Manager,9,20.6,Female,2015-10-09,4,3,No,Hybrid,No
EMP0395,Employee_395,DEPT05,Analyst,0,19.5,Male,2017-09-27,4,3,No,Onsite,No
EMP0396,Employee_396,DEPT05,Manager,11,4.7,Female,2019-02-22,3,0,No,Remote,Yes
EMP0397,Employee_397,DEPT19,Senior Manager,3,13.3,Female,2018-03-13,5,2,No,Hybrid,No
EMP0398,Employee_398,DEPT10,Junior Analyst,7,14.7,Male,2016-10-08,2,1,No,Onsite,No
EMP0399,Employee_399,DEPT03,Team Lead,4,17.4,Male,2019-11-30,4,2,No,Onsite,No
EMP0400,Employee_400,DEPT08,Manager,1,17.5,Male,2021-02-03,3,0,No,Remote,No
EMP0401,Employee_401,DEPT04,Junior Analyst,5,11.3,Female,2022-11-21,3,5,No,Onsite,Yes
EMP0402,Employee_402,DEPT18,Analyst,4,15.6,Male,2018-05-24,3,3,No,Onsite,No
EMP0403,Employee_403,DEPT14,Analyst,1,13.8,Female,2021-11-10,5,3,No,Remote,Yes
EMP0404,Employee_404,DEPT20,Junior Analyst,12,22.5,Female,2022-05-02,5,0,Yes,Hybrid,No
EMP0405,Employee_405,DEPT20,Analyst,13,14.9,Male,2020-12-06,3,1,No,Remote,No
EMP0406,Employee_406,DEPT20,Senior Manager,10,13.0,Male,2015-02-02,1,3,Yes,Onsite,No
EMP0407,Employee_407,DEPT08,Senior Manager,10,12.2,Female,2022-06-28,4,4,No,Onsite,Yes
EMP0408,Employee_408,DEPT17,Junior Analyst,15,15.8,Female,2021-03-21,3,3,No,Hybrid,No
EMP0409,Employee_409,DEPT13,Manager,10,20.8,Male,2018-05-11,2,4,Yes,Remote,No
EMP0410,Employee_410,DEPT15,Manager,2,15.1,Male,2022-06-10,4,0,Yes,Hybrid,No
EMP0411,Employee_411,DEPT15,Junior Analyst,14,17.7,Female,2016-02-29,3,0,Yes,Hybrid,No
EMP0412,Employee_412,DEPT10,Manager,8,19.4,Male,2016-07-04,5,3,No,Hybrid,No
EMP0413,Employee_413,DEPT19,Manager,6,14.7,Female,2017-12-19,3,2,No,Onsite,No
EMP0414,Employee_414,DEPT14,Senior Manager,6,12.7,Male,2016-04-17,3,4,No,Hybrid,No
EMP0415,Employee_415,DEPT10,Manager,15,22.3,Male,2016-03-14,3,1,No,Onsite,Yes
EMP0416,Employee_416,DEPT19,Senior Analyst,14,12.5,Female,2021-03-16,4,3,No,Hybrid,Yes
EMP0417,Employee_417,DEPT20,Team Lead,10,13.4,Male,2016-09-28,3,1,No,Hybrid,No
EMP0418,Employee_418,DEPT02,Analyst,5,24.8,Male,2018-01-20,4,3,No,Remote,No
EMP0419,Employee_419,DEPT20,Senior Analyst,15,3.5,Male,2018-02-28,3,2,No,Onsite,No
EMP0420,Employee_420,DEPT04,Manager,7,7.5,Male,2021-10-13,4,2,No,Onsite,No
EMP0421,Employee_421,DEPT07,Senior Manager,3,11.8,Female,2017-05-12,3,2,No,Hybrid,Yes
EMP0422,Employee_422,DEPT07,Junior Analyst,7,23.6,Male,2023-01-18,2,5,No,Onsite,No
EMP0423,Employee_423,DEPT09,Manager,3,5.0,Male,2018-11-05,4,2,No,Remote,Yes
EMP0424,Employee_424,DEPT03,Senior Manager,7,3.7,Female,2017-04-13,3,0,No,Onsite,Yes
EMP0425,Employee_425,DEPT06,Team Lead,8,4.6,Female,2022-09-16,2,0,No,Hybrid,No
EMP0426,Employee_426,DEPT08,Manager,2,5.4,Male,2022-02-10,5,5,No,Hybrid,Yes
EMP0427,Employee_427,DEPT06,Junior Analyst,15,4.3,Male,2017-12-17,3,4,No,Hybrid,No
EMP0428,Employee_428,DEPT18,Senior Manager,2,13.8,Female,2020-09-01,4,1,No,Hybrid,Yes
EMP0429,Employee_429,DEPT03,Senior Manager,10,16.0,Female,2020-06-24,3,3,No,Onsite,No
EMP0430,Employee_430,DEPT06,Senior Manager,12,9.3,Male,2017-10-25,4,3,No,Onsite,No
EMP0431,Employee_431,DEPT01,Team Lead,15,12.1,Male,2015-07-28,2,5,Yes,Hybrid,Yes
EMP0432,Employee_432,DEPT14,Manager,1,5.5,Male,2016-01-14,3,0,No,Remote,No
EMP0433,Employee_433,DEPT15,Team Lead,12,10.7,Female,2022-02-11,5,3,No,Remote,No
EMP0434,Employee_434,DEPT20,Analyst,9,14.7,Female,2019-10-01,4,0,No,Onsite,No
EMP0435,Employee_435,DEPT16,Analyst,2,19.2,Female,2018-02-07,3,4,Yes,Onsite,Yes
EMP0436,Employee_436,DEPT10,Manager,2,3.6,Female,2015-06-30,3,1,Yes,Onsite,No
EMP0437,Employee_437,DEPT02,Team Lead,4,13.5,Female,2015-01-15,5,4,No,Hybrid,No
EMP0438,Employee_438,DEPT08,Junior Analyst,4,9.9,Male,2018-09-28,3,5,No,Onsite,No
EMP0439,Employee_439,DEPT10,Senior Manager,1,21.8,Male,2016-06-19,4,2,No,Remote,No
EMP0440,Employee_440,DEPT10,Senior Manager,11,18.9,Male,2022-02-22,4,2,No,Onsite,No
EMP0441,Employee_441,DEPT15,Manager,9,16.2,Male,2017-12-08,1,2,No,Hybrid,No
EMP0442,Employee_442,DEPT03,Analyst,12,9.5,Female,2016-10-23,2,4,No,Remote,No
EMP0443,Employee_443,DEPT08,Analyst,5,23.1,Male,2019-12-15,4,3,No,Hybrid,No
EMP0444,Employee_444,DEPT09,Senior Manager,4,4.5,Male,2021-03-09,3,1,No,Hybrid,No
EMP0445,Employee_445,DEPT19,Manager,5,5.9,Male,2022-11-30,3,2,No,Remote,No
EMP0446,Employee_446,DEPT07,Team Lead,0,11.9,Male,2019-10-18,5,5,Yes,Hybrid,No
EMP0447,Employee_447,DEPT14,Analyst,4,6.2,Male,2021-04-16,4,5,No,Hybrid,No
EMP0448,Employee_448,DEPT04,Team Lead,8,24.1,Male,2015-02-09,4,2,No,Hybrid,Yes
EMP0449,Employee_449,DEPT18,Analyst,11,20.7,Female,2016-04-03,4,2,No,Hybrid,No
EMP0450,Employee_450,DEPT08,Analyst,9,9.1,Male,2015-11-05,4,1,No,Onsite,No
EMP0451,Employee_451,DEPT05,Senior Analyst,13,16.2,Female,2022-10-01,2,2,Yes,Remote,No
EMP0452,Employee_452,DEPT09,Analyst,1,24.6,Male,2016-09-02,3,1,Yes,Onsite,No
EMP0453,Employee_453,DEPT05,Junior Analyst,0,22.5,Male,2021-02-12,3,5,No,Onsite,No
EMP0454,Employee_454,DEPT03,Manager,13,16.4,Male,2015-05-28,3,2,Yes,Hybrid,No
EMP0455,Employee_455,DEPT02,Manager,9,22.9,Male,2019-02-21,4,4,No,Remote,Yes
EMP0456,Employee_456,DEPT06,Team Lead,12,24.8,Female,2021-07-13,3,4,No,Hybrid,No
EMP0457,Employee_457,DEPT10,Analyst,10,19.5,Male,2021-03-13,3,5,Yes,Hybrid,No
EMP0458,Employee_458,DEPT20,Junior Analyst,8,4.9,Male,2016-08-29,3,1,No,Hybrid,No
EMP0459,Employee_459,DEPT19,Team Lead,9,12.1,Female,2019-10-27,2,4,No,Hybrid,Yes
EMP0460,Employee_460,DEPT10,Senior Analyst,8,21.5,Male,2016-06-06,3,1,No,Onsite,No
EMP0461,Employee_461,DEPT15,Team Lead,14,8.5,Male,2015-06-21,3,4,No,Onsite,Yes
EMP0462,Employee_462,DEPT04,Team Lead,8,21.4,Female,2018-06-16,3,4,No,Remote,Yes
EMP0463,Employee_463,DEPT15,Analyst,5,6.1,Female,2019-02-02,2,1,Yes,Onsite,Yes
EMP0464,Employee_464,DEPT10,Senior Analyst,14,4.5,Male,2015-06-13,3,3,No,Onsite,Yes
EMP0465,Employee_465,DEPT13,Team Lead,7,11.8,Female,2019-01-05,4,4,No,Remote,No
EMP0466,Employee_466,DEPT09,Junior Analyst,13,4.3,Female,2017-05-10,3,2,No,Hybrid,No
EMP0467,Employee_467,DEPT17,Junior Analyst,10,24.1,Male,2022-08-25,3,5,No,Remote,No
EMP0468,Employee_468,DEPT18,Manager,14,21.3,Female,2017-10-19,4,3,No,Remote,No
EMP0469,Employee_469,DEPT16,Senior Analyst,15,20.7,Male,2022-06-24,3,1,No,Hybrid,Yes
EMP0470,Employee_470,DEPT15,Senior Analyst,12,17.0,Male,2016-02-26,5,3,No,Onsite,No
EMP0471,Employee_471,DEPT03,Manager,0,8.2,Male,2018-12-19,3,0,No,Onsite,No
EMP0472,Employee_472,DEPT20,Team Lead,9,14.6,Male,2021-04-12,3,0,No,Hybrid,No
EMP0473,Employee_473,DEPT02,Senior Analyst,3,16.3,Female,2019-07-23,4,4,No,Hybrid,No
EMP0474,Employee_474,DEPT14,Junior Analyst,0,14.8,Male,2021-12-17,3,4,No,Hybrid,No
EMP0475,Employee_475,DEPT11,Junior Analyst,7,9.1,Female,2016-09-25,4,2,Yes,Onsite,Yes
EMP0476,Employee_476,DEPT20,Analyst,0,14.6,Female,2017-08-27,3,5,No,Hybrid,No
EMP0477,Employee_477,DEPT09,Senior Analyst,2,14.1,Male,2016-10-27,5,3,No,Hybrid,Yes
EMP0478,Employee_478,DEPT01,Team Lead,12,24.9,Female,2016-12-26,3,0,No,Remote,No
EMP0479,Employee_479,DEPT03,Manager,3,22.8,Male,2019-08-16,3,4,No,Hybrid,No
EMP0480,Employee_480,DEPT08,Manager,14,13.5,Male,2015-04-12,4,5,No,Hybrid,No
EMP0481,Employee_481,DEPT19,Team Lead,14,16.9,Female,2017-01-04,1,3,No,Remote,Yes
EMP0482,Employee_482,DEPT19,Senior Manager,14,19.6,Male,2018-09-22,3,4,No,Remote,No
EMP0483,Employee_483,DEPT01,Analyst,7,4.2,Male,2019-08-14,4,4,No,Hybrid,Yes
EMP0484,Employee_484,DEPT09,Manager,5,22.7,Male,2022-07-06,4,0,Yes,Hybrid,No
EMP0485,Employee_485,DEPT19,Senior Analyst,13,22.0,Male,2017-10-13,3,0,No,Remote,Yes
EMP0486,Employee_486,DEPT02,Analyst,9,13.3,Male,2017-12-28,4,4,No,Hybrid,Yes
EMP0487,Employee_487,DEPT06,Senior Analyst,11,11.9,Male,2016-10-14,5,1,Yes,Remote,No
EMP0488,Employee_488,DEPT16,Junior Analyst,6,9.4,Female,2022-11-12,5,4,No,Onsite,No
EMP0489,Employee_489,DEPT17,Analyst,13,13.7,Male,2016-03-18,2,5,No,Remote,Yes
EMP0490,Employee_490,DEPT15,Manager,7,4.5,Male,2019-04-16,4,4,No,Hybrid,Yes
EMP0491,Employee_491,DEPT09,Analyst,1,21.8,Male,2015-06-08,3,2,Yes,Hybrid,No
EMP0492,Employee_492,DEPT06,Analyst,12,4.3,Male,2020-04-11,5,2,No,Remote,No
EMP0493,Employee_493,DEPT19,Analyst,9,10.6,Female,2017-06-30,3,2,No,Remote,No
EMP0494,Employee_494,DEPT14,Senior Manager,13,23.5,Female,2017-03-28,2,1,No,Onsite,Yes
EMP0495,Employee_495,DEPT16,Analyst,10,19.3,Female,2020-02-29,4,1,No,Hybrid,No
EMP0496,Employee_496,DEPT03,Senior Analyst,7,9.5,Male,2018-12-03,3,4,No,Hybrid,Yes
EMP0497,Employee_497,DEPT16,Junior Analyst,2,8.9,Male,2018-06-04,5,2,Yes,Hybrid,Yes
EMP0498,Employee_498,DEPT12,Team Lead,6,3.6,Male,2017-07-21,5,1,No,Hybrid,No
EMP0499,Employee_499,DEPT14,Analyst,2,18.5,Female,2017-07-02,4,0,No,Hybrid,No
EMP0500,Employee_500,DEPT11,Manager,14,4.5,Male,2015-04-07,2,4,No,Remote,Yes
